text_language,listener_a,listener_b,scoring_mode,excess_a,excess_b,difference,difference_confidence_interval_low,difference_confidence_interval_high,paired_interval_excludes_zero,marginal_intervals_overlap
az,fi,kk,skip,2.664068,2.251415,0.412653,0.340329,0.490328,yes,no
az,fi,ky,skip,2.664068,2.658404,0.005664,-0.107546,0.126483,no,yes
az,fi,tr,skip,2.664068,1.366145,1.297922,1.207570,1.395525,yes,no
az,fi,ug,skip,2.664068,2.135548,0.528520,0.437451,0.619527,yes,no
az,fi,uz,skip,2.664068,2.194461,0.469607,0.368590,0.573874,yes,no
az,kk,ky,skip,2.251415,2.658404,-0.406988,-0.512882,-0.304595,yes,no
az,kk,tr,skip,2.251415,1.366145,0.885270,0.798636,0.977264,yes,no
az,kk,ug,skip,2.251415,2.135548,0.115868,0.032147,0.196620,yes,yes
az,kk,uz,skip,2.251415,2.194461,0.056955,-0.033264,0.134581,no,yes
az,ky,tr,skip,2.658404,1.366145,1.292258,1.194042,1.395396,yes,no
az,ky,ug,skip,2.658404,2.135548,0.522856,0.410234,0.634852,yes,no
az,ky,uz,skip,2.658404,2.194461,0.463943,0.352679,0.581616,yes,no
az,tr,ug,skip,1.366145,2.135548,-0.769402,-0.855635,-0.691969,yes,no
az,tr,uz,skip,1.366145,2.194461,-0.828315,-0.899738,-0.759358,yes,no
az,ug,uz,skip,2.135548,2.194461,-0.058913,-0.130156,0.020693,no,yes
fi,az,kk,skip,2.049559,2.295091,-0.245532,-0.300550,-0.189707,yes,no
fi,az,ky,skip,2.049559,2.476846,-0.427287,-0.491162,-0.361708,yes,no
fi,az,tr,skip,2.049559,2.056827,-0.007268,-0.061372,0.043615,no,yes
fi,az,ug,skip,2.049559,2.602398,-0.552839,-0.625005,-0.477478,yes,no
fi,az,uz,skip,2.049559,2.376914,-0.327356,-0.410354,-0.247198,yes,no
fi,kk,ky,skip,2.295091,2.476846,-0.181755,-0.263987,-0.105698,yes,yes
fi,kk,tr,skip,2.295091,2.056827,0.238264,0.185314,0.293664,yes,no
fi,kk,ug,skip,2.295091,2.602398,-0.307308,-0.384955,-0.223642,yes,no
fi,kk,uz,skip,2.295091,2.376914,-0.081824,-0.160313,0.004761,no,yes
fi,ky,tr,skip,2.476846,2.056827,0.420019,0.354513,0.487981,yes,no
fi,ky,ug,skip,2.476846,2.602398,-0.125552,-0.212151,-0.039985,yes,yes
fi,ky,uz,skip,2.476846,2.376914,0.099932,0.037724,0.160344,yes,yes
fi,tr,ug,skip,2.056827,2.602398,-0.545571,-0.615605,-0.481964,yes,no
fi,tr,uz,skip,2.056827,2.376914,-0.320087,-0.388487,-0.246852,yes,no
fi,ug,uz,skip,2.602398,2.376914,0.225484,0.148570,0.309124,yes,yes
kk,az,fi,skip,1.526362,1.666755,-0.140392,-0.227765,-0.042209,yes,yes
kk,az,ky,skip,1.526362,1.190986,0.335376,0.264747,0.403057,yes,no
kk,az,tr,skip,1.526362,1.417665,0.108698,0.033589,0.176801,yes,yes
kk,az,ug,skip,1.526362,1.729467,-0.203104,-0.272635,-0.134358,yes,no
kk,az,uz,skip,1.526362,1.682186,-0.155824,-0.248532,-0.062521,yes,yes
kk,fi,ky,skip,1.666755,1.190986,0.475769,0.369247,0.581132,yes,no
kk,fi,tr,skip,1.666755,1.417665,0.249090,0.165705,0.334005,yes,no
kk,fi,ug,skip,1.666755,1.729467,-0.062712,-0.157083,0.028465,no,yes
kk,fi,uz,skip,1.666755,1.682186,-0.015431,-0.088940,0.063558,no,yes
kk,ky,tr,skip,1.190986,1.417665,-0.226679,-0.303856,-0.156273,yes,no
kk,ky,ug,skip,1.190986,1.729467,-0.538481,-0.624187,-0.454052,yes,no
kk,ky,uz,skip,1.190986,1.682186,-0.491200,-0.601413,-0.387465,yes,no
kk,tr,ug,skip,1.417665,1.729467,-0.311802,-0.380170,-0.247725,yes,no
kk,tr,uz,skip,1.417665,1.682186,-0.264521,-0.347766,-0.174545,yes,no
kk,ug,uz,skip,1.729467,1.682186,0.047281,-0.060600,0.156261,no,yes
ky,az,fi,skip,1.912357,2.413461,-0.501105,-0.575546,-0.422909,yes,no
ky,az,kk,skip,1.912357,1.981581,-0.069225,-0.142663,0.008445,no,yes
ky,az,tr,skip,1.912357,1.949243,-0.036886,-0.100575,0.021371,no,yes
ky,az,ug,skip,1.912357,2.105906,-0.193550,-0.279389,-0.114028,yes,no
ky,az,uz,skip,1.912357,2.306394,-0.394037,-0.473325,-0.309367,yes,no
ky,fi,kk,skip,2.413461,1.981581,0.431880,0.360723,0.502518,yes,no
ky,fi,tr,skip,2.413461,1.949243,0.464219,0.385754,0.532494,yes,no
ky,fi,ug,skip,2.413461,2.105906,0.307555,0.205595,0.413384,yes,no
ky,fi,uz,skip,2.413461,2.306394,0.107068,0.007415,0.197426,yes,yes
ky,kk,tr,skip,1.981581,1.949243,0.032339,-0.062681,0.130211,no,yes
ky,kk,ug,skip,1.981581,2.105906,-0.124325,-0.229542,-0.012727,yes,yes
ky,kk,uz,skip,1.981581,2.306394,-0.324812,-0.416638,-0.242633,yes,no
ky,tr,ug,skip,1.949243,2.105906,-0.156664,-0.253368,-0.064150,yes,yes
ky,tr,uz,skip,1.949243,2.306394,-0.357151,-0.451588,-0.259277,yes,no
ky,ug,uz,skip,2.105906,2.306394,-0.200487,-0.307722,-0.084401,yes,no
tr,az,fi,skip,1.556023,2.438176,-0.882153,-0.950562,-0.816345,yes,no
tr,az,kk,skip,1.556023,2.262894,-0.706871,-0.805672,-0.605321,yes,no
tr,az,ky,skip,1.556023,2.107921,-0.551898,-0.633664,-0.472535,yes,no
tr,az,ug,skip,1.556023,2.332302,-0.776279,-0.857251,-0.692634,yes,no
tr,az,uz,skip,1.556023,2.209713,-0.653690,-0.723087,-0.583967,yes,no
tr,fi,kk,skip,2.438176,2.262894,0.175282,0.083780,0.276477,yes,yes
tr,fi,ky,skip,2.438176,2.107921,0.330255,0.257883,0.404947,yes,no
tr,fi,ug,skip,2.438176,2.332302,0.105874,0.036213,0.175462,yes,yes
tr,fi,uz,skip,2.438176,2.209713,0.228463,0.155882,0.303360,yes,no
tr,kk,ky,skip,2.262894,2.107921,0.154973,0.079694,0.226892,yes,yes
tr,kk,ug,skip,2.262894,2.332302,-0.069408,-0.163003,0.039616,no,yes
tr,kk,uz,skip,2.262894,2.209713,0.053181,-0.017372,0.129551,no,yes
tr,ky,ug,skip,2.107921,2.332302,-0.224381,-0.299328,-0.152039,yes,no
tr,ky,uz,skip,2.107921,2.209713,-0.101792,-0.163222,-0.036322,yes,yes
tr,ug,uz,skip,2.332302,2.209713,0.122589,0.033721,0.211109,yes,yes
ug,az,fi,skip,1.691608,2.440097,-0.748489,-0.870455,-0.649456,yes,no
ug,az,kk,skip,1.691608,2.057074,-0.365465,-0.463471,-0.273332,yes,no
ug,az,ky,skip,1.691608,2.245654,-0.554046,-0.676322,-0.418024,yes,no
ug,az,tr,skip,1.691608,1.785269,-0.093661,-0.163109,-0.031608,yes,yes
ug,az,uz,skip,1.691608,1.501919,0.189690,0.074612,0.301086,yes,no
ug,fi,kk,skip,2.440097,2.057074,0.383023,0.307852,0.458605,yes,no
ug,fi,ky,skip,2.440097,2.245654,0.194442,0.105096,0.289429,yes,yes
ug,fi,tr,skip,2.440097,1.785269,0.654828,0.569203,0.756787,yes,no
ug,fi,uz,skip,2.440097,1.501919,0.938178,0.845481,1.024650,yes,no
ug,kk,ky,skip,2.057074,2.245654,-0.188581,-0.287918,-0.077715,yes,yes
ug,kk,tr,skip,2.057074,1.785269,0.271805,0.201305,0.344628,yes,no
ug,kk,uz,skip,2.057074,1.501919,0.555155,0.482289,0.628187,yes,no
ug,ky,tr,skip,2.245654,1.785269,0.460386,0.347589,0.560581,yes,no
ug,ky,uz,skip,2.245654,1.501919,0.743736,0.627296,0.854443,yes,no
ug,tr,uz,skip,1.785269,1.501919,0.283350,0.185787,0.373454,yes,no
uz,az,fi,skip,2.086448,2.733157,-0.646709,-0.743325,-0.552436,yes,no
uz,az,kk,skip,2.086448,2.313191,-0.226744,-0.299609,-0.144070,yes,no
uz,az,ky,skip,2.086448,2.282355,-0.195907,-0.271839,-0.121153,yes,yes
uz,az,tr,skip,2.086448,2.323290,-0.236842,-0.288739,-0.186197,yes,no
uz,az,ug,skip,2.086448,1.855319,0.231129,0.154773,0.305251,yes,no
uz,fi,kk,skip,2.733157,2.313191,0.419965,0.339289,0.504378,yes,no
uz,fi,ky,skip,2.733157,2.282355,0.450802,0.355168,0.545543,yes,no
uz,fi,tr,skip,2.733157,2.323290,0.409867,0.325013,0.497499,yes,no
uz,fi,ug,skip,2.733157,1.855319,0.877838,0.772906,0.983804,yes,no
uz,kk,ky,skip,2.313191,2.282355,0.030836,-0.032951,0.087906,no,yes
uz,kk,tr,skip,2.313191,2.323290,-0.010099,-0.073059,0.052822,no,yes
uz,kk,ug,skip,2.313191,1.855319,0.457873,0.374272,0.540143,yes,no
uz,ky,tr,skip,2.282355,2.323290,-0.040935,-0.091954,0.010330,no,yes
uz,ky,ug,skip,2.282355,1.855319,0.427037,0.359012,0.499526,yes,no
uz,tr,ug,skip,2.323290,1.855319,0.467972,0.388933,0.546681,yes,no
